path,size_bytes,size_human,created_at,updated_at
"teams/389719a7-5022-41da-bc49-11e7a3afbd98/design-brief-files/2ead7995-f310-47d0-93c0-975d9dd0f811/1773908010733-AI_logo_Ciklum_backpack_color_110x180_mm_2_.ai",1377076,"1.31 MB","2026-03-19T08:13:31.50279+00:00","2026-03-19T08:13:31.50279+00:00"
"teams/389719a7-5022-41da-bc49-11e7a3afbd98/design-brief-files/d944f8df-dd25-4b49-a1bb-94c282c2ac56/1773734160084-design-upload-test.mp4",934,"934 B","2026-03-17T07:56:00.394307+00:00","2026-03-17T07:56:00.394307+00:00"
"teams/389719a7-5022-41da-bc49-11e7a3afbd98/design-brief-files/d944f8df-dd25-4b49-a1bb-94c282c2ac56/1773734160626-design-upload-test.pptx",6295,"6.1 KB","2026-03-17T07:56:00.826126+00:00","2026-03-17T07:56:00.826126+00:00"
"teams/389719a7-5022-41da-bc49-11e7a3afbd98/design-brief-files/dd80d2c1-07f9-4c89-bada-ba70b0c6adb2/1773994016518-Box_92x92x97_KArton_300g.ai",86369,"84.3 KB","2026-03-20T07:55:16.562612+00:00","2026-03-20T07:55:16.562612+00:00"
"teams/389719a7-5022-41da-bc49-11e7a3afbd98/design-briefs/042519ff-a8cb-4418-bab7-6f12a36a4a94/1773749319339-full_vertical_logo_white_pink_1.pdf",53609,"52.4 KB","2026-03-17T12:08:39.709551+00:00","2026-03-17T12:08:39.709551+00:00"
"teams/389719a7-5022-41da-bc49-11e7a3afbd98/design-briefs/0c608d66-5500-4cd8-8a0e-bb88eb823e9d/1775114174666-LOGO_KNESS.ai",27754,"27.1 KB","2026-04-02T07:16:15.491849+00:00","2026-04-02T07:16:15.491849+00:00"
"teams/389719a7-5022-41da-bc49-11e7a3afbd98/design-briefs/11c2c12e-c94e-4450-b4e5-33f76b8c6c2d/1774446563003-raps_clean____.docx",132975,"129.9 KB","2026-03-25T13:49:23.572783+00:00","2026-03-25T13:49:23.572783+00:00"
"teams/389719a7-5022-41da-bc49-11e7a3afbd98/design-briefs/178bdc24-ff6c-4bd1-8ad5-4ab2953491cf/1772623374076-___2.ai",1213356,"1.16 MB","2026-03-04T11:22:57.169209+00:00","2026-03-04T11:22:57.169209+00:00"
"teams/389719a7-5022-41da-bc49-11e7a3afbd98/design-briefs/188cd7af-a0bf-4762-ae52-6939360c42ee/1774363465783-_NPZ_PRINT-2026.ai",9228899,"8.80 MB","2026-03-24T14:44:27.238566+00:00","2026-03-24T14:44:27.238566+00:00"
"teams/389719a7-5022-41da-bc49-11e7a3afbd98/design-briefs/214c3158-6ed4-451c-b17f-591dd7c9758d/1775121390567-LOGO_KNESS.ai",27754,"27.1 KB","2026-04-02T09:16:32.586298+00:00","2026-04-02T09:16:32.586298+00:00"
"teams/389719a7-5022-41da-bc49-11e7a3afbd98/design-briefs/23ab84aa-c73c-4dbf-a138-67fec988a53a/1773058496804-_._.ai",7306543,"6.97 MB","2026-03-09T12:14:58.105867+00:00","2026-03-09T12:14:58.105867+00:00"
"teams/389719a7-5022-41da-bc49-11e7a3afbd98/design-briefs/27ca86fb-75af-449f-9b5e-45fbacae5939/1773051401110-logo_eco-korm_warm_ygreen__2024.ai",1427646,"1.36 MB","2026-03-09T10:16:42.81801+00:00","2026-03-09T10:16:42.81801+00:00"
"teams/389719a7-5022-41da-bc49-11e7a3afbd98/design-briefs/2b7f1ea6-5f7f-4448-8ce5-7207d92219f0/1773912648671-_.ai",1208929,"1.15 MB","2026-03-19T09:30:52.529791+00:00","2026-03-19T09:30:52.529791+00:00"
"teams/389719a7-5022-41da-bc49-11e7a3afbd98/design-briefs/39c83608-5c86-4a76-969c-cbef5a92cd64/1773757873386-Logo_KMZ.ai",1332834,"1.27 MB","2026-03-17T14:31:16.493474+00:00","2026-03-17T14:31:16.493474+00:00"
"teams/389719a7-5022-41da-bc49-11e7a3afbd98/design-briefs/39c83608-5c86-4a76-969c-cbef5a92cd64/1773757876579-Logo_KMZ_Vab_White_plashk.eps",1174026,"1.12 MB","2026-03-17T14:31:18.787968+00:00","2026-03-17T14:31:18.787968+00:00"
"teams/389719a7-5022-41da-bc49-11e7a3afbd98/design-briefs/3f16f345-48f3-4387-a9b5-28f5d65f6b6f/1773743220861-st1.ai",886425,"865.6 KB","2026-03-17T10:27:01.212527+00:00","2026-03-17T10:27:01.212527+00:00"
"teams/389719a7-5022-41da-bc49-11e7a3afbd98/design-briefs/3f16f345-48f3-4387-a9b5-28f5d65f6b6f/1773743221366-color_logo_2__.svg",25162,"24.6 KB","2026-03-17T10:27:01.562006+00:00","2026-03-17T10:27:01.562006+00:00"
"teams/389719a7-5022-41da-bc49-11e7a3afbd98/design-briefs/3f16f345-48f3-4387-a9b5-28f5d65f6b6f/1773743221695-color_logo_2___1_.svg",25050,"24.5 KB","2026-03-17T10:27:01.882312+00:00","2026-03-17T10:27:01.882312+00:00"
"teams/389719a7-5022-41da-bc49-11e7a3afbd98/design-briefs/3f16f345-48f3-4387-a9b5-28f5d65f6b6f/1773743221972-color_logo__.svg",25203,"24.6 KB","2026-03-17T10:27:02.148327+00:00","2026-03-17T10:27:02.148327+00:00"
"teams/389719a7-5022-41da-bc49-11e7a3afbd98/design-briefs/40f42c8d-c421-4c99-965b-7bcd556aca90/1772605042106-_.eps",5710014,"5.45 MB","2026-03-04T06:17:23.798471+00:00","2026-03-04T06:17:23.798471+00:00"
"teams/389719a7-5022-41da-bc49-11e7a3afbd98/design-briefs/40f42c8d-c421-4c99-965b-7bcd556aca90/1772605044104-photo_2026-02-25_15-38-11.jpg",186609,"182.2 KB","2026-03-04T06:17:24.151028+00:00","2026-03-04T06:17:24.151028+00:00"
"teams/389719a7-5022-41da-bc49-11e7a3afbd98/design-briefs/40f42c8d-c421-4c99-965b-7bcd556aca90/1772605044443-photo_2026-03-02_08-16-39.jpg",92686,"90.5 KB","2026-03-04T06:17:24.572821+00:00","2026-03-04T06:17:24.572821+00:00"
"teams/389719a7-5022-41da-bc49-11e7a3afbd98/design-briefs/446f594c-dabd-423d-83ec-cc1ccd111842/1773912164196-_.ai",1208929,"1.15 MB","2026-03-19T09:22:47.514295+00:00","2026-03-19T09:22:47.514295+00:00"
"teams/389719a7-5022-41da-bc49-11e7a3afbd98/design-briefs/4767a2bd-0179-4df8-83a3-7d2af9715a9a/1774623582266-___2.eps",1519238,"1.45 MB","2026-03-27T14:59:44.652339+00:00","2026-03-27T14:59:44.652339+00:00"
"teams/389719a7-5022-41da-bc49-11e7a3afbd98/design-briefs/5244fd26-c2a8-4fce-8a82-3fb02ee660de/1771339506425-ChatGPT_Image_12_._2026_._10_37_50.png",2278161,"2.17 MB","2026-02-17T14:45:07.488235+00:00","2026-02-17T14:45:07.488235+00:00"
"teams/389719a7-5022-41da-bc49-11e7a3afbd98/design-briefs/59b24a31-76ad-433e-8c3c-5c5e01fc7adc/1773041275871-_14.01_.xlsx",11467,"11.2 KB","2026-03-09T07:27:56.499209+00:00","2026-03-09T07:27:56.499209+00:00"
"teams/389719a7-5022-41da-bc49-11e7a3afbd98/design-briefs/7ca03b49-4095-49fb-bb25-78ac64dc8dfa/1772707911884-IMAGE_2026-03-05_12_51_43.jpg",31675,"30.9 KB","2026-03-05T10:51:52.822635+00:00","2026-03-05T10:51:52.822635+00:00"
"teams/389719a7-5022-41da-bc49-11e7a3afbd98/design-briefs/86187fba-31fe-404d-b511-322a78359507/1774260418218-pattern-zalivka.ai",546566,"533.8 KB","2026-03-23T10:06:58.603053+00:00","2026-03-23T10:06:58.603053+00:00"
"teams/389719a7-5022-41da-bc49-11e7a3afbd98/design-briefs/86187fba-31fe-404d-b511-322a78359507/1774260418690-LOGO_upright2.eps",1541610,"1.47 MB","2026-03-23T10:06:59.264262+00:00","2026-03-23T10:06:59.264262+00:00"
"teams/389719a7-5022-41da-bc49-11e7a3afbd98/design-briefs/8b3c9e5f-481e-407c-bf9f-82f48e19f51b/1773307644897-ag-logo_single_black.ai",3337692,"3.18 MB","2026-03-12T09:27:34.631725+00:00","2026-03-12T09:27:34.631725+00:00"
"teams/389719a7-5022-41da-bc49-11e7a3afbd98/design-briefs/8b3c9e5f-481e-407c-bf9f-82f48e19f51b/1773307654603-Logo_ProductMAN_black_simple.eps",377090,"368.3 KB","2026-03-12T09:27:35.521545+00:00","2026-03-12T09:27:35.521545+00:00"
"teams/389719a7-5022-41da-bc49-11e7a3afbd98/design-briefs/8bfe9b61-c383-4022-8c8c-35f0eb30bf35/1772622554923-Eglight_logo_White_background.svg",1609,"1.6 KB","2026-03-04T11:09:15.643861+00:00","2026-03-04T11:09:15.643861+00:00"
"teams/389719a7-5022-41da-bc49-11e7a3afbd98/design-briefs/8bfe9b61-c383-4022-8c8c-35f0eb30bf35/1772622555542-photo_2026-02-27_14-47-37.jpg",10595,"10.3 KB","2026-03-04T11:09:16.011019+00:00","2026-03-04T11:09:16.011019+00:00"
"teams/389719a7-5022-41da-bc49-11e7a3afbd98/design-briefs/93a800ce-57a9-4da2-b6c2-63c8b9347ca2/1774010693541-_Petronas_AMG_BM_Parts.ai",376743,"367.9 KB","2026-03-20T12:44:53.852289+00:00","2026-03-20T12:44:53.852289+00:00"
"teams/389719a7-5022-41da-bc49-11e7a3afbd98/design-briefs/93a800ce-57a9-4da2-b6c2-63c8b9347ca2/1774010694124-_10_3.5_Petronas_AMG.ai",359537,"351.1 KB","2026-03-20T12:44:54.249161+00:00","2026-03-20T12:44:54.249161+00:00"
"teams/389719a7-5022-41da-bc49-11e7a3afbd98/design-briefs/9d171c0e-cd69-46b5-b8df-61ec44598b3c/1773227662271-Cei_2_.eps",384702,"375.7 KB","2026-03-11T11:14:22.196575+00:00","2026-03-11T11:14:22.196575+00:00"
"teams/389719a7-5022-41da-bc49-11e7a3afbd98/design-briefs/9fcc6679-d769-435a-a20c-1b0ff56ad1c2/1775112325346-logo-silva-cmyk-niebieskie_2_.eps",26287,"25.7 KB","2026-04-02T06:45:25.805952+00:00","2026-04-02T06:45:25.805952+00:00"
"teams/389719a7-5022-41da-bc49-11e7a3afbd98/design-briefs/a0841cbd-a1ad-4da6-90d2-456a2ae1b3b6/1772796046869-_.eps",5710014,"5.45 MB","2026-03-06T11:20:47.698512+00:00","2026-03-06T11:20:47.698512+00:00"
"teams/389719a7-5022-41da-bc49-11e7a3afbd98/design-briefs/a0aa6490-86ec-41ec-9fc5-16c44192a25e/1772432375310-logo_4_.svg",5876,"5.7 KB","2026-03-02T06:19:35.719709+00:00","2026-03-02T06:19:35.719709+00:00"
"teams/389719a7-5022-41da-bc49-11e7a3afbd98/design-briefs/a367191f-3295-4bf5-a245-b754db6abc60/1774355883162-VITAGRO_agro_LOGO_color_CMYK.eps",1340642,"1.28 MB","2026-03-24T12:38:03.889869+00:00","2026-03-24T12:38:03.889869+00:00"
"teams/389719a7-5022-41da-bc49-11e7a3afbd98/design-briefs/a4f09723-f610-4206-ba27-04f09a1c5e56/1773917953994-ECOORGANIC_Logo_green_black_.ai",59976,"58.6 KB","2026-03-19T10:59:14.195088+00:00","2026-03-19T10:59:14.195088+00:00"
"teams/389719a7-5022-41da-bc49-11e7a3afbd98/design-briefs/a4f09723-f610-4206-ba27-04f09a1c5e56/1773917954397-_.docx",18599,"18.2 KB","2026-03-19T10:59:14.458593+00:00","2026-03-19T10:59:14.458593+00:00"
"teams/389719a7-5022-41da-bc49-11e7a3afbd98/design-briefs/a4f09723-f610-4206-ba27-04f09a1c5e56/1773917963813-_2026.docx",26204,"25.6 KB","2026-03-19T10:59:24.115673+00:00","2026-03-19T10:59:24.115673+00:00"
"teams/389719a7-5022-41da-bc49-11e7a3afbd98/design-briefs/a4f09723-f610-4206-ba27-04f09a1c5e56/1773917964332-_.docx",298091,"291.1 KB","2026-03-19T10:59:24.508546+00:00","2026-03-19T10:59:24.508546+00:00"
"teams/389719a7-5022-41da-bc49-11e7a3afbd98/design-briefs/b2f6db42-18f2-4067-9839-7daea6260980/1773139403199-Rosana_bud.ai",1453460,"1.39 MB","2026-03-10T10:43:24.121368+00:00","2026-03-10T10:43:24.121368+00:00"
"teams/389719a7-5022-41da-bc49-11e7a3afbd98/design-briefs/b4cedf45-61b2-404a-b76e-9b86f4c5c142/1773672691626-_.ai",1430424,"1.36 MB","2026-03-16T14:51:32.47489+00:00","2026-03-16T14:51:32.47489+00:00"
"teams/389719a7-5022-41da-bc49-11e7a3afbd98/design-briefs/c2096bcd-8fd4-4308-ba48-19cb11aa4d34/1773917743261-ECOORGANIC_Logo_green_black_.ai",59976,"58.6 KB","2026-03-19T10:55:43.66016+00:00","2026-03-19T10:55:43.66016+00:00"
"teams/389719a7-5022-41da-bc49-11e7a3afbd98/design-briefs/c2096bcd-8fd4-4308-ba48-19cb11aa4d34/1773917743898-_.docx",18599,"18.2 KB","2026-03-19T10:55:43.961273+00:00","2026-03-19T10:55:43.961273+00:00"
"teams/389719a7-5022-41da-bc49-11e7a3afbd98/design-briefs/c2096bcd-8fd4-4308-ba48-19cb11aa4d34/1773917753863-_2026.docx",26204,"25.6 KB","2026-03-19T10:55:53.936517+00:00","2026-03-19T10:55:53.936517+00:00"
"teams/389719a7-5022-41da-bc49-11e7a3afbd98/design-briefs/c2096bcd-8fd4-4308-ba48-19cb11aa4d34/1773917754130-_.docx",298091,"291.1 KB","2026-03-19T10:55:54.319947+00:00","2026-03-19T10:55:54.319947+00:00"
"teams/389719a7-5022-41da-bc49-11e7a3afbd98/design-briefs/c701bbcf-e275-4134-be78-73486926c3e0/1773663814624-_2_.docx",16085,"15.7 KB","2026-03-16T12:23:35.31996+00:00","2026-03-16T12:23:35.31996+00:00"
"teams/389719a7-5022-41da-bc49-11e7a3afbd98/design-briefs/c8037e12-b706-41e6-a808-aeeaee5368e5/1773062820913-gtpu_logo_white_1_.ai",344987,"336.9 KB","2026-03-09T13:27:01.464516+00:00","2026-03-09T13:27:01.464516+00:00"
"teams/389719a7-5022-41da-bc49-11e7a3afbd98/design-briefs/cc82e183-b063-4fd7-8de3-bbd59be940f2/1775126493781-_-6.ai",4186000,"3.99 MB","2026-04-02T10:41:42.511027+00:00","2026-04-02T10:41:42.511027+00:00"
"teams/389719a7-5022-41da-bc49-11e7a3afbd98/design-briefs/cc82e183-b063-4fd7-8de3-bbd59be940f2/1775126502784-__16_4___.ai",1202117,"1.15 MB","2026-04-02T10:41:46.858915+00:00","2026-04-02T10:41:46.858915+00:00"
"teams/389719a7-5022-41da-bc49-11e7a3afbd98/design-briefs/cddb8c78-1d7e-47b6-a459-1d899e4cb795/1773222834144-_2_.docx",14378,"14.0 KB","2026-03-11T09:53:54.396711+00:00","2026-03-11T09:53:54.396711+00:00"
"teams/389719a7-5022-41da-bc49-11e7a3afbd98/design-briefs/d3b12f6b-ceea-4902-83da-e4e371fea7a4/1772793414154-Print_ai_.zip",350101,"341.9 KB","2026-03-06T10:36:53.825818+00:00","2026-03-06T10:36:53.825818+00:00"
"teams/389719a7-5022-41da-bc49-11e7a3afbd98/design-briefs/de1b2929-2173-4911-9aee-5d7a1430b383/1774958169582-Logo_1_.ai",1774039,"1.69 MB","2026-03-31T11:56:09.019447+00:00","2026-03-31T11:56:09.019447+00:00"
"teams/389719a7-5022-41da-bc49-11e7a3afbd98/design-briefs/de1b2929-2173-4911-9aee-5d7a1430b383/1774958170249-_1_.eps",1415390,"1.35 MB","2026-03-31T11:56:09.85119+00:00","2026-03-31T11:56:09.85119+00:00"
"teams/389719a7-5022-41da-bc49-11e7a3afbd98/design-briefs/defe6495-4e6d-4e40-8073-caac61399c10/1773820485420-Print_01.eps",1415390,"1.35 MB","2026-03-18T07:54:45.185385+00:00","2026-03-18T07:54:45.185385+00:00"
"teams/389719a7-5022-41da-bc49-11e7a3afbd98/design-briefs/e5f6ce73-40ec-4602-a63b-750162f8abb9/1772714229569-____02_02_2_.png",3255163,"3.10 MB","2026-03-05T12:37:10.71517+00:00","2026-03-05T12:37:10.71517+00:00"
"teams/389719a7-5022-41da-bc49-11e7a3afbd98/design-briefs/e8fabc81-8778-49da-a9c3-fe2d1679f86d/1775022300073-VZT_t-shirt_final__urves.ai",1582027,"1.51 MB","2026-04-01T05:45:01.110507+00:00","2026-04-01T05:45:01.110507+00:00"
"teams/389719a7-5022-41da-bc49-11e7a3afbd98/design-briefs/f073d310-b304-4b3c-b04f-fa7c5f5df7a7/1773410115088-____50_37____.ai",1419726,"1.35 MB","2026-03-13T13:55:18.229364+00:00","2026-03-13T13:55:18.229364+00:00"
"teams/389719a7-5022-41da-bc49-11e7a3afbd98/design-briefs/f073d310-b304-4b3c-b04f-fa7c5f5df7a7/1773410118168-____50_46____.ai",1437383,"1.37 MB","2026-03-13T13:55:20.91035+00:00","2026-03-13T13:55:20.91035+00:00"
"teams/389719a7-5022-41da-bc49-11e7a3afbd98/design-briefs/f66442e9-925f-4b96-82e9-bcd443b663cf/1773051636522-_.ai",3048377,"2.91 MB","2026-03-09T10:20:38.898596+00:00","2026-03-09T10:20:38.898596+00:00"
"teams/389719a7-5022-41da-bc49-11e7a3afbd98/design-briefs/fb53b29d-db98-4fd3-8753-082c3eecaaf1/1773222669429-new_logo.jpg",247151,"241.4 KB","2026-03-11T09:51:10.017495+00:00","2026-03-11T09:51:10.017495+00:00"
"teams/389719a7-5022-41da-bc49-11e7a3afbd98/design-outputs/215bdaa0-1874-4dd3-87df-378ec2876ae3/1770709719062-checkmark.svg",558,"558 B","2026-02-10T07:48:39.470972+00:00","2026-02-10T07:48:39.470972+00:00"
"teams/389719a7-5022-41da-bc49-11e7a3afbd98/design-outputs/340e5628-8800-4867-b48f-c53febd996b9/1773749850726-_45_45_.cdr",508085,"496.2 KB","2026-03-17T12:17:31.308503+00:00","2026-03-17T12:17:31.308503+00:00"
"teams/389719a7-5022-41da-bc49-11e7a3afbd98/design-outputs/340e5628-8800-4867-b48f-c53febd996b9/1774623254053-_45_45_.ai",1421231,"1.36 MB","2026-03-27T14:54:14.200307+00:00","2026-03-27T14:54:14.200307+00:00"
"teams/389719a7-5022-41da-bc49-11e7a3afbd98/design-outputs/340e5628-8800-4867-b48f-c53febd996b9/1774623291493-_45_45_.ai",1421231,"1.36 MB","2026-03-27T14:54:51.783281+00:00","2026-03-27T14:54:51.783281+00:00"
"teams/389719a7-5022-41da-bc49-11e7a3afbd98/design-outputs/88917bcf-a4d0-4671-ae17-f412501b30dd/1774467979350-logo.svg",9134,"8.9 KB","2026-03-25T19:46:19.596373+00:00","2026-03-25T19:46:19.596373+00:00"
"teams/389719a7-5022-41da-bc49-11e7a3afbd98/design-outputs/a75ba17f-7876-40c7-9924-89fbb1361678/1771709555447-Artboard_1_copy_13.png",4375608,"4.17 MB","2026-02-21T21:32:36.772947+00:00","2026-02-21T21:32:36.772947+00:00"
"teams/389719a7-5022-41da-bc49-11e7a3afbd98/design-outputs/d5644e24-dc15-4d71-96df-addc4e3e55ad/1772631015795-TROUW_NUTRITION___MILKIWEAN.ai",1160915,"1.11 MB","2026-03-04T13:30:17.604312+00:00","2026-03-04T13:30:17.604312+00:00"
"teams/389719a7-5022-41da-bc49-11e7a3afbd98/design-outputs/standalone-00dd1763-cc37-4534-983f-5dd4c131e37f/1773210203100-Rosana_logo____.cdr",540696,"528.0 KB","2026-03-11T06:23:23.885094+00:00","2026-03-11T06:23:23.885094+00:00"
"teams/389719a7-5022-41da-bc49-11e7a3afbd98/design-outputs/standalone-00dd1763-cc37-4534-983f-5dd4c131e37f/1773210204076-Rosana_logo____.cdr",531114,"518.7 KB","2026-03-11T06:23:25.288613+00:00","2026-03-11T06:23:25.288613+00:00"
"teams/389719a7-5022-41da-bc49-11e7a3afbd98/design-outputs/standalone-00dd1763-cc37-4534-983f-5dd4c131e37f/1773210205503-Rosana_logo__.cdr",540731,"528.1 KB","2026-03-11T06:23:26.321944+00:00","2026-03-11T06:23:26.321944+00:00"
"teams/389719a7-5022-41da-bc49-11e7a3afbd98/design-outputs/standalone-06dea7b5-2896-4e72-b306-49fe6d1fc664/1773313643138-______100_62___.cdr",525632,"513.3 KB","2026-03-12T11:07:24.926056+00:00","2026-03-12T11:07:24.926056+00:00"
"teams/389719a7-5022-41da-bc49-11e7a3afbd98/design-outputs/standalone-09b552a8-993c-42d2-8f90-ebe17ae3297a/1772797369866-______02.pdf",11763881,"11.22 MB","2026-03-06T11:42:53.886168+00:00","2026-03-06T11:42:53.886168+00:00"
"teams/389719a7-5022-41da-bc49-11e7a3afbd98/design-outputs/standalone-133d6146-0b17-4ecb-9484-55ff9f52fdbf/1772694280996-GE__.ai",1501908,"1.43 MB","2026-03-05T07:04:42.12022+00:00","2026-03-05T07:04:42.12022+00:00"
"teams/389719a7-5022-41da-bc49-11e7a3afbd98/design-outputs/standalone-231a1bcd-9daa-4bd2-8bb1-f32818b3ef20/1774356290501-_23_5_5_5_.ai",1436715,"1.37 MB","2026-03-24T12:44:50.86855+00:00","2026-03-24T12:44:50.86855+00:00"
"teams/389719a7-5022-41da-bc49-11e7a3afbd98/design-outputs/standalone-25615503-8005-4c59-b8d4-df5f246aa334/1773667182717-_23223.ai",1150725,"1.10 MB","2026-03-16T13:19:43.965238+00:00","2026-03-16T13:19:43.965238+00:00"
"teams/389719a7-5022-41da-bc49-11e7a3afbd98/design-outputs/standalone-27cf280e-44e8-4e0a-990c-a8f4fb1c6cfd/1774598145199-_.png",9026778,"8.61 MB","2026-03-27T07:56:04.520471+00:00","2026-03-27T07:56:04.520471+00:00"
"teams/389719a7-5022-41da-bc49-11e7a3afbd98/design-outputs/standalone-2cee9feb-2279-42a1-9567-1a44d87e7e8b/1772007833192-____270_150_.ai",1589669,"1.52 MB","2026-02-25T08:23:53.934393+00:00","2026-02-25T08:23:53.934393+00:00"
"teams/389719a7-5022-41da-bc49-11e7a3afbd98/design-outputs/standalone-328ec9d5-2a5d-410e-b118-bce7a4e4d05c/1772112139251-____40___.ai",1421826,"1.36 MB","2026-02-26T13:22:20.36863+00:00","2026-02-26T13:22:20.36863+00:00"
"teams/389719a7-5022-41da-bc49-11e7a3afbd98/design-outputs/standalone-36a63c1f-2c8c-45c1-a722-ec427c0684b7/1773674840447-_.psd",21761787,"20.75 MB","2026-03-16T15:27:33.865607+00:00","2026-03-16T15:27:33.865607+00:00"
"teams/389719a7-5022-41da-bc49-11e7a3afbd98/design-outputs/standalone-37fbb3f0-fb53-4bcc-879b-12d72fe6d3ab/1773228482116-____30_30___.ai",1789755,"1.71 MB","2026-03-11T11:28:03.25139+00:00","2026-03-11T11:28:03.25139+00:00"
"teams/389719a7-5022-41da-bc49-11e7a3afbd98/design-outputs/standalone-37fbb3f0-fb53-4bcc-879b-12d72fe6d3ab/1773228483476-____45_28___.ai",1800360,"1.72 MB","2026-03-11T11:28:04.172732+00:00","2026-03-11T11:28:04.172732+00:00"
"teams/389719a7-5022-41da-bc49-11e7a3afbd98/design-outputs/standalone-54236c5c-790b-440f-a2f4-347a80718e7e/1772716107417-_-_____-01.png",4698025,"4.48 MB","2026-03-05T13:08:33.034665+00:00","2026-03-05T13:08:33.034665+00:00"
"teams/389719a7-5022-41da-bc49-11e7a3afbd98/design-outputs/standalone-54236c5c-790b-440f-a2f4-347a80718e7e/1772716110863-_-_____-02.png",4634375,"4.42 MB","2026-03-05T13:08:35.810097+00:00","2026-03-05T13:08:35.810097+00:00"
"teams/389719a7-5022-41da-bc49-11e7a3afbd98/design-outputs/standalone-54236c5c-790b-440f-a2f4-347a80718e7e/1772716113629-_-_____-03.png",5033987,"4.80 MB","2026-03-05T13:08:39.006955+00:00","2026-03-05T13:08:39.006955+00:00"
"teams/389719a7-5022-41da-bc49-11e7a3afbd98/design-outputs/standalone-542994b7-7c40-4446-a279-56d2ba48d5c9/1774003311943-_.mp4",16514122,"15.75 MB","2026-03-20T10:41:57.317652+00:00","2026-03-20T10:41:57.317652+00:00"
"teams/389719a7-5022-41da-bc49-11e7a3afbd98/design-outputs/standalone-6350034d-0d11-4ebd-9851-527eec651c29/1773909364771-Artboard_1_copy_10_4_copy_15.png",2960771,"2.82 MB","2026-03-19T08:36:22.184909+00:00","2026-03-19T08:36:22.184909+00:00"
"teams/389719a7-5022-41da-bc49-11e7a3afbd98/design-outputs/standalone-6350034d-0d11-4ebd-9851-527eec651c29/1774448725730-Ciklum___101_180mm_DTF.ai",1584485,"1.51 MB","2026-03-25T14:25:29.098969+00:00","2026-03-25T14:25:29.098969+00:00"
"teams/389719a7-5022-41da-bc49-11e7a3afbd98/design-outputs/standalone-70c27ec2-44a7-4236-a9ae-8e05ab9a4000/1773747287505-video.mp4",3326509,"3.17 MB","2026-03-17T11:34:48.374558+00:00","2026-03-17T11:34:48.374558+00:00"
"teams/389719a7-5022-41da-bc49-11e7a3afbd98/design-outputs/standalone-74b42d2e-202d-4788-8904-68b07f3f5343/1773042969373-_____.pdf",11376367,"10.85 MB","2026-03-09T07:56:21.822478+00:00","2026-03-09T07:56:21.822478+00:00"
"teams/389719a7-5022-41da-bc49-11e7a3afbd98/design-outputs/standalone-7a1f01ca-8ac0-4c1f-953e-c5ee54468c58/1773738654415-___1__-50__200___.cdr",511456,"499.5 KB","2026-03-17T09:11:06.397901+00:00","2026-03-17T09:11:06.397901+00:00"
"teams/389719a7-5022-41da-bc49-11e7a3afbd98/design-outputs/standalone-7a1f01ca-8ac0-4c1f-953e-c5ee54468c58/1773738655844-___2__-50__200___.cdr",513174,"501.1 KB","2026-03-17T09:11:07.185271+00:00","2026-03-17T09:11:07.185271+00:00"
"teams/389719a7-5022-41da-bc49-11e7a3afbd98/design-outputs/standalone-7d95f611-c2cc-402d-a897-d952fc446a0b/1775034147637-______1__L.ai",1637336,"1.56 MB","2026-04-01T09:02:28.670681+00:00","2026-04-01T09:02:28.670681+00:00"
"teams/389719a7-5022-41da-bc49-11e7a3afbd98/design-outputs/standalone-7e9a059f-16f8-42d9-b33b-5486ade4d7b0/1774350338823-_-_20_3_6_.ai",1412742,"1.35 MB","2026-03-24T11:05:38.733227+00:00","2026-03-24T11:05:38.733227+00:00"
"teams/389719a7-5022-41da-bc49-11e7a3afbd98/design-outputs/standalone-7e9a059f-16f8-42d9-b33b-5486ade4d7b0/1774350339979-_-_25_4_5_.ai",1422320,"1.36 MB","2026-03-24T11:05:40.262587+00:00","2026-03-24T11:05:40.262587+00:00"
"teams/389719a7-5022-41da-bc49-11e7a3afbd98/design-outputs/standalone-7e9a059f-16f8-42d9-b33b-5486ade4d7b0/1774350341377-_-_7_7_.ai",1416680,"1.35 MB","2026-03-24T11:05:41.403106+00:00","2026-03-24T11:05:41.403106+00:00"
"teams/389719a7-5022-41da-bc49-11e7a3afbd98/design-outputs/standalone-7fe5b258-3530-42cd-8f2b-df1807264315/1772696475220-edlight__-_.png",2373073,"2.26 MB","2026-03-05T07:41:19.305716+00:00","2026-03-05T07:41:19.305716+00:00"
"teams/389719a7-5022-41da-bc49-11e7a3afbd98/design-outputs/standalone-7fe5b258-3530-42cd-8f2b-df1807264315/1772697070623-edlight__-__print.pdf",1421816,"1.36 MB","2026-03-05T07:51:14.001646+00:00","2026-03-05T07:51:14.001646+00:00"
"teams/389719a7-5022-41da-bc49-11e7a3afbd98/design-outputs/standalone-91155c00-358f-4cdc-a834-93d648017a05/1775028504804-INTER_CARS_60___.cdr",31325,"30.6 KB","2026-04-01T07:28:29.214049+00:00","2026-04-01T07:28:29.214049+00:00"
"teams/389719a7-5022-41da-bc49-11e7a3afbd98/design-outputs/standalone-93538c6a-757d-4cbc-bfa0-2fae111ba94c/1775193550685-ToSho______.ai",2216554,"2.11 MB","2026-04-03T05:19:11.657612+00:00","2026-04-03T05:19:11.657612+00:00"
"teams/389719a7-5022-41da-bc49-11e7a3afbd98/design-outputs/standalone-96020470-cac3-4f87-a2c2-ca405c059dc7/1772610563739-RIJK_ZWAAN______06.02.2026_.pdf",6031008,"5.75 MB","2026-03-04T07:49:42.799421+00:00","2026-03-04T07:49:42.799421+00:00"
"teams/389719a7-5022-41da-bc49-11e7a3afbd98/design-outputs/standalone-9b627c22-e610-4f75-90f0-82513c09f3eb/1773667049597-____35___.ai",2928746,"2.79 MB","2026-03-16T13:17:32.473925+00:00","2026-03-16T13:17:32.473925+00:00"
"teams/389719a7-5022-41da-bc49-11e7a3afbd98/design-outputs/standalone-9b627c22-e610-4f75-90f0-82513c09f3eb/1773667051657-POTTINGER___50___.ai",1791084,"1.71 MB","2026-03-16T13:17:38.196934+00:00","2026-03-16T13:17:38.196934+00:00"
"teams/389719a7-5022-41da-bc49-11e7a3afbd98/design-outputs/standalone-9b627c22-e610-4f75-90f0-82513c09f3eb/1773667057716-____50___.ai",1790829,"1.71 MB","2026-03-16T13:17:45.108583+00:00","2026-03-16T13:17:45.108583+00:00"
"teams/389719a7-5022-41da-bc49-11e7a3afbd98/design-outputs/standalone-9b627c22-e610-4f75-90f0-82513c09f3eb/1773667072196-SAATBAU___48___.ai",1807958,"1.72 MB","2026-03-16T13:17:56.74967+00:00","2026-03-16T13:17:56.74967+00:00"
"teams/389719a7-5022-41da-bc49-11e7a3afbd98/design-outputs/standalone-9b627c22-e610-4f75-90f0-82513c09f3eb/1773667075869-PROBSTDORFER___54___.ai",1821942,"1.74 MB","2026-03-16T13:17:57.664444+00:00","2026-03-16T13:17:57.664444+00:00"
"teams/389719a7-5022-41da-bc49-11e7a3afbd98/design-outputs/standalone-9b627c22-e610-4f75-90f0-82513c09f3eb/1773667076869-____45___.ai",1792051,"1.71 MB","2026-03-16T13:17:59.300279+00:00","2026-03-16T13:17:59.300279+00:00"
"teams/389719a7-5022-41da-bc49-11e7a3afbd98/design-outputs/standalone-9b627c22-e610-4f75-90f0-82513c09f3eb/1773667079321-Binfield___50___.ai",1793210,"1.71 MB","2026-03-16T13:18:01.154811+00:00","2026-03-16T13:18:01.154811+00:00"
"teams/389719a7-5022-41da-bc49-11e7a3afbd98/design-outputs/standalone-9b627c22-e610-4f75-90f0-82513c09f3eb/1773668172238-____55___.ai",397041,"387.7 KB","2026-03-16T13:36:13.793104+00:00","2026-03-16T13:36:13.793104+00:00"
"teams/389719a7-5022-41da-bc49-11e7a3afbd98/design-outputs/standalone-9b627c22-e610-4f75-90f0-82513c09f3eb/1774438422924-____50___.ai",1421695,"1.36 MB","2026-03-25T11:33:57.322628+00:00","2026-03-25T11:33:57.322628+00:00"
"teams/389719a7-5022-41da-bc49-11e7a3afbd98/design-outputs/standalone-9bd337f8-5cde-41ac-98f1-b764a5c07f59/1774252031038-AGROSOLAR_250____DTF_.ai",355831,"347.5 KB","2026-03-23T07:47:20.667717+00:00","2026-03-23T07:47:20.667717+00:00"
"teams/389719a7-5022-41da-bc49-11e7a3afbd98/design-outputs/standalone-9bd337f8-5cde-41ac-98f1-b764a5c07f59/1774252486163-____65_100__DTF_.ai",1125342,"1.07 MB","2026-03-23T07:54:56.498421+00:00","2026-03-23T07:54:56.498421+00:00"
"teams/389719a7-5022-41da-bc49-11e7a3afbd98/design-outputs/standalone-a462630a-4c4e-4017-8773-231f344fbfb3/1772440406906-_____.ai",47275,"46.2 KB","2026-03-02T08:33:27.367358+00:00","2026-03-02T08:33:27.367358+00:00"
"teams/389719a7-5022-41da-bc49-11e7a3afbd98/design-outputs/standalone-a6447520-213f-479a-a32a-e85adbcc2c19/1773132883764-_.ai",1420339,"1.35 MB","2026-03-10T08:54:45.609004+00:00","2026-03-10T08:54:45.609004+00:00"
"teams/389719a7-5022-41da-bc49-11e7a3afbd98/design-outputs/standalone-af636dc1-2017-4e8a-81d0-e55df7437a41/1773733807801-video.mp4",3326509,"3.17 MB","2026-03-17T07:50:09.157689+00:00","2026-03-17T07:50:09.157689+00:00"
"teams/389719a7-5022-41da-bc49-11e7a3afbd98/design-outputs/standalone-af636dc1-2017-4e8a-81d0-e55df7437a41/1773733866800-design-upload-test.mp4",934,"934 B","2026-03-17T07:51:07.168367+00:00","2026-03-17T07:51:07.168367+00:00"
"teams/389719a7-5022-41da-bc49-11e7a3afbd98/design-outputs/standalone-af636dc1-2017-4e8a-81d0-e55df7437a41/1773733867427-design-upload-test.pptx",6295,"6.1 KB","2026-03-17T07:51:07.696107+00:00","2026-03-17T07:51:07.696107+00:00"
"teams/389719a7-5022-41da-bc49-11e7a3afbd98/design-outputs/standalone-b7130130-0e4e-4ecf-84b8-f2a81c02ea19/1774605899574-Timac-agro___110___.cdr",48874,"47.7 KB","2026-03-27T10:05:17.588701+00:00","2026-03-27T10:05:17.588701+00:00"
"teams/389719a7-5022-41da-bc49-11e7a3afbd98/design-outputs/standalone-bd17da78-cb4e-474e-929b-1b439161d9d3/1773386855440-_.ai",1531276,"1.46 MB","2026-03-13T07:27:37.807544+00:00","2026-03-13T07:27:37.807544+00:00"
"teams/389719a7-5022-41da-bc49-11e7a3afbd98/design-outputs/standalone-d2b1aeef-b4a0-4a97-9437-df286cf4378e/1773903066839-ToSho_______01-01.png",3651094,"3.48 MB","2026-03-19T06:51:30.215539+00:00","2026-03-19T06:51:30.215539+00:00"
"teams/389719a7-5022-41da-bc49-11e7a3afbd98/design-outputs/standalone-d2b1aeef-b4a0-4a97-9437-df286cf4378e/1773903089733-ToSho_______01-02.png",3739786,"3.57 MB","2026-03-19T06:51:58.669271+00:00","2026-03-19T06:51:58.669271+00:00"
"teams/389719a7-5022-41da-bc49-11e7a3afbd98/design-outputs/standalone-d2b1aeef-b4a0-4a97-9437-df286cf4378e/1773903118175-ToSho_______01-03.png",3638645,"3.47 MB","2026-03-19T06:52:13.932175+00:00","2026-03-19T06:52:13.932175+00:00"
"teams/389719a7-5022-41da-bc49-11e7a3afbd98/design-outputs/standalone-d2b1aeef-b4a0-4a97-9437-df286cf4378e/1773903133839-ToSho_______01-04.png",3498375,"3.34 MB","2026-03-19T06:52:31.320641+00:00","2026-03-19T06:52:31.320641+00:00"
"teams/389719a7-5022-41da-bc49-11e7a3afbd98/design-outputs/standalone-d2b1aeef-b4a0-4a97-9437-df286cf4378e/1773903150667-ToSho_______01-05.png",3590386,"3.42 MB","2026-03-19T06:53:03.869018+00:00","2026-03-19T06:53:03.869018+00:00"
"teams/389719a7-5022-41da-bc49-11e7a3afbd98/design-outputs/standalone-dc0bc138-1090-4f30-9a78-53ba93a618b0/1773394345930-_LG_40_40.cdr",504887,"493.1 KB","2026-03-13T09:32:27.326935+00:00","2026-03-13T09:32:27.326935+00:00"
"teams/389719a7-5022-41da-bc49-11e7a3afbd98/design-outputs/standalone-dddcddbe-913e-4748-bca4-8ab42aaec647/1773740033941-ToSho______.png",3255667,"3.10 MB","2026-03-17T09:34:07.286094+00:00","2026-03-17T09:34:07.286094+00:00"
"teams/389719a7-5022-41da-bc49-11e7a3afbd98/design-outputs/standalone-dddcddbe-913e-4748-bca4-8ab42aaec647/1773740041592-____70_60_______.pdf",2143698,"2.04 MB","2026-03-17T09:34:14.441365+00:00","2026-03-17T09:34:14.441365+00:00"
"teams/389719a7-5022-41da-bc49-11e7a3afbd98/design-outputs/standalone-de18a5b7-99c3-4376-b4cc-81102a9d38fa/1772445336997-____200__DTF_.ai",1420273,"1.35 MB","2026-03-02T09:55:38.816355+00:00","2026-03-02T09:55:38.816355+00:00"
"teams/389719a7-5022-41da-bc49-11e7a3afbd98/design-outputs/standalone-de18a5b7-99c3-4376-b4cc-81102a9d38fa/1774426107561-____200__DTF_.ai",1427232,"1.36 MB","2026-03-25T08:08:41.66671+00:00","2026-03-25T08:08:41.66671+00:00"
"teams/389719a7-5022-41da-bc49-11e7a3afbd98/design-outputs/standalone-ded214fe-863c-46cb-9ff1-3ff2546cac49/1773397795101-_.cdr",529038,"516.6 KB","2026-03-13T10:29:55.836923+00:00","2026-03-13T10:29:55.836923+00:00"
"teams/389719a7-5022-41da-bc49-11e7a3afbd98/design-outputs/standalone-ded214fe-863c-46cb-9ff1-3ff2546cac49/1773397796376-_.cdr",531807,"519.3 KB","2026-03-13T10:29:56.965259+00:00","2026-03-13T10:29:56.965259+00:00"
"teams/389719a7-5022-41da-bc49-11e7a3afbd98/design-outputs/standalone-ded214fe-863c-46cb-9ff1-3ff2546cac49/1773397797481-_.ai",1412878,"1.35 MB","2026-03-13T10:29:58.767593+00:00","2026-03-13T10:29:58.767593+00:00"
"teams/389719a7-5022-41da-bc49-11e7a3afbd98/design-outputs/standalone-ded214fe-863c-46cb-9ff1-3ff2546cac49/1773397800362-_.ai",1443065,"1.38 MB","2026-03-13T10:30:01.170391+00:00","2026-03-13T10:30:01.170391+00:00"
"teams/389719a7-5022-41da-bc49-11e7a3afbd98/design-outputs/standalone-dfd917de-bf22-45fc-b0e2-c993e19f905c/1773221639806-___.png",4659769,"4.44 MB","2026-03-11T09:34:20.636299+00:00","2026-03-11T09:34:20.636299+00:00"
"teams/389719a7-5022-41da-bc49-11e7a3afbd98/design-outputs/standalone-dfd917de-bf22-45fc-b0e2-c993e19f905c/1773221671165-Timac_Agro_____5.5_.pdf",519608,"507.4 KB","2026-03-11T09:34:32.479228+00:00","2026-03-11T09:34:32.479228+00:00"
"teams/389719a7-5022-41da-bc49-11e7a3afbd98/design-outputs/standalone-e7249bc8-6dc2-465a-8afe-f68a47d01746/1775037517053-____S-L_80_____.cdr",513120,"501.1 KB","2026-04-01T09:58:38.208487+00:00","2026-04-01T09:58:38.208487+00:00"
"teams/389719a7-5022-41da-bc49-11e7a3afbd98/design-outputs/standalone-e7249bc8-6dc2-465a-8afe-f68a47d01746/1775037518096-____S-L_80_____.cdr",536973,"524.4 KB","2026-04-01T09:58:38.77182+00:00","2026-04-01T09:58:38.77182+00:00"
"teams/389719a7-5022-41da-bc49-11e7a3afbd98/design-outputs/standalone-e7249bc8-6dc2-465a-8afe-f68a47d01746/1775037518735-____XL-3XL_110_____.cdr",514562,"502.5 KB","2026-04-01T09:58:39.441333+00:00","2026-04-01T09:58:39.441333+00:00"
"teams/389719a7-5022-41da-bc49-11e7a3afbd98/design-outputs/standalone-e7249bc8-6dc2-465a-8afe-f68a47d01746/1775037519410-____XL-3XL_110_____.cdr",537040,"524.5 KB","2026-04-01T09:58:40.117642+00:00","2026-04-01T09:58:40.117642+00:00"
"teams/389719a7-5022-41da-bc49-11e7a3afbd98/design-outputs/standalone-e7249bc8-6dc2-465a-8afe-f68a47d01746/1775045226881-VITAGRO_35_18___.cdr",13103,"12.8 KB","2026-04-01T12:07:07.751667+00:00","2026-04-01T12:07:07.751667+00:00"
"teams/389719a7-5022-41da-bc49-11e7a3afbd98/design-outputs/standalone-f713facc-7bad-49c1-96ae-602f12e994e8/1774605315985-Timac-agro___100___-DTF_.ai",1428860,"1.36 MB","2026-03-27T09:55:34.452661+00:00","2026-03-27T09:55:34.452661+00:00"
"teams/389719a7-5022-41da-bc49-11e7a3afbd98/design-outputs/standalone-fa0e950c-df6a-468b-a9a6-310ad4addf1d/1773386722941-_TOSHO.CRM_2025.xlsx",293622,"286.7 KB","2026-03-13T07:25:23.661171+00:00","2026-03-13T07:25:23.661171+00:00"
"teams/389719a7-5022-41da-bc49-11e7a3afbd98/design-outputs/standalone-fe3425f4-cbb3-4cd8-b251-f1e36a174d34/1772724925503-_____.ai",1432653,"1.37 MB","2026-03-05T15:35:26.362021+00:00","2026-03-05T15:35:26.362021+00:00"
"teams/389719a7-5022-41da-bc49-11e7a3afbd98/design-outputs/standalone-fe3425f4-cbb3-4cd8-b251-f1e36a174d34/1772724927479-_____.svg",7099,"6.9 KB","2026-03-05T15:35:27.480201+00:00","2026-03-05T15:35:27.480201+00:00"
"teams/389719a7-5022-41da-bc49-11e7a3afbd98/design-outputs/standalone-feb4157a-c523-4530-bb3d-3b7c98d38c32/1773324613082-___4____.pdf",1423430,"1.36 MB","2026-03-12T14:10:21.333674+00:00","2026-03-12T14:10:21.333674+00:00"
"teams/389719a7-5022-41da-bc49-11e7a3afbd98/design-outputs/standalone-ffbfc3d8-afa7-45a5-8f0f-c5435f1a9403/1774873175644-_.ai",1426918,"1.36 MB","2026-03-30T12:19:34.779784+00:00","2026-03-30T12:19:34.779784+00:00"
"teams/389719a7-5022-41da-bc49-11e7a3afbd98/design-outputs/standalone-ffbfc3d8-afa7-45a5-8f0f-c5435f1a9403/1774873296982-_.ai",1426918,"1.36 MB","2026-03-30T12:21:36.14421+00:00","2026-03-30T12:21:36.14421+00:00"
"teams/389719a7-5022-41da-bc49-11e7a3afbd98/quote-attachments/104c6f90-7520-4cb9-b311-342714d21a2d/1772184422764-_1_.pdf",2663996,"2.54 MB","2026-02-27T09:27:04.708486+00:00","2026-02-27T09:27:04.708486+00:00"
"teams/389719a7-5022-41da-bc49-11e7a3afbd98/quote-attachments/104c6f90-7520-4cb9-b311-342714d21a2d/1772184424873-_2_.pdf",2663564,"2.54 MB","2026-02-27T09:27:07.454913+00:00","2026-02-27T09:27:07.454913+00:00"
"teams/389719a7-5022-41da-bc49-11e7a3afbd98/quote-attachments/1bbf6f91-c2bf-4cb0-bef5-91da5ba0c7d8/1772113804847-_.rar",10364906,"9.88 MB","2026-02-26T13:50:07.086903+00:00","2026-02-26T13:50:07.086903+00:00"
"teams/389719a7-5022-41da-bc49-11e7a3afbd98/quote-attachments/1f3a26a2-d3cd-4b7b-baa1-ab74d39eccdb/1770243977338-checkmark.svg",558,"558 B","2026-02-04T22:26:17.578179+00:00","2026-02-04T22:26:17.578179+00:00"
"teams/389719a7-5022-41da-bc49-11e7a3afbd98/quote-attachments/215bdaa0-1874-4dd3-87df-378ec2876ae3/1770670545492-checkmark.svg",558,"558 B","2026-02-09T20:55:45.999698+00:00","2026-02-09T20:55:45.999698+00:00"
"teams/389719a7-5022-41da-bc49-11e7a3afbd98/quote-attachments/296d96dd-d394-4ef3-920b-6f4b92187475/1771923350887-_4_1.jpg",4799319,"4.58 MB","2026-02-24T08:56:31.494361+00:00","2026-02-24T08:56:31.494361+00:00"
"teams/389719a7-5022-41da-bc49-11e7a3afbd98/quote-attachments/2b81b50d-1113-4775-ac33-5dd7f526768e/1773829249102-Artboard_1_copy_42_3_.jpg",715351,"698.6 KB","2026-03-18T10:20:49.493169+00:00","2026-03-18T10:20:49.493169+00:00"
"teams/389719a7-5022-41da-bc49-11e7a3afbd98/quote-attachments/3d32d177-80be-491f-a61f-fef9a1b93fce/1772184426220-_1_.pdf",2663996,"2.54 MB","2026-02-27T09:27:08.696719+00:00","2026-02-27T09:27:08.696719+00:00"
"teams/389719a7-5022-41da-bc49-11e7a3afbd98/quote-attachments/3d32d177-80be-491f-a61f-fef9a1b93fce/1772184428900-_2_.pdf",2663564,"2.54 MB","2026-02-27T09:27:10.16351+00:00","2026-02-27T09:27:10.16351+00:00"
"teams/389719a7-5022-41da-bc49-11e7a3afbd98/quote-attachments/4e404bdf-cdc9-47b9-b045-630c49985696/1772024806018-0-02-05-a6fdbde0886560ca76bc59c482dce8534ba4bb53c91013f2062cf790002f5e44_1c6dc7e0c8daa2.jpg",119004,"116.2 KB","2026-02-25T13:06:46.402332+00:00","2026-02-25T13:06:46.402332+00:00"
"teams/389719a7-5022-41da-bc49-11e7a3afbd98/quote-attachments/4e404bdf-cdc9-47b9-b045-630c49985696/1772024806550-0-02-05-15cc765cf95ca40478a885ddef42fce4765136fdffb852a8e812a7729fbf55ec_1c6dc7e0c8f149.png",14972,"14.6 KB","2026-02-25T13:06:46.807189+00:00","2026-02-25T13:06:46.807189+00:00"
"teams/389719a7-5022-41da-bc49-11e7a3afbd98/quote-attachments/546e5599-c9b8-45da-9c29-ad8c299e0401/1772024967259-0-02-05-96e87506f0d56d54ec339438ab8718282aa66ff85c5c8d7e49947f7533d6f198_1c6dc7e0c8a948.png",21123,"20.6 KB","2026-02-25T13:09:27.659812+00:00","2026-02-25T13:09:27.659812+00:00"
"teams/389719a7-5022-41da-bc49-11e7a3afbd98/quote-attachments/546e5599-c9b8-45da-9c29-ad8c299e0401/1772024967763-0-02-05-15cc765cf95ca40478a885ddef42fce4765136fdffb852a8e812a7729fbf55ec_1c6dc7e0c8f149.png",14972,"14.6 KB","2026-02-25T13:09:28.054742+00:00","2026-02-25T13:09:28.054742+00:00"
"teams/389719a7-5022-41da-bc49-11e7a3afbd98/quote-attachments/55aaf015-0121-48fd-99d7-326c56e5553c/1772184425453-_1_.pdf",2663996,"2.54 MB","2026-02-27T09:27:07.217345+00:00","2026-02-27T09:27:07.217345+00:00"
"teams/389719a7-5022-41da-bc49-11e7a3afbd98/quote-attachments/55aaf015-0121-48fd-99d7-326c56e5553c/1772184427337-_2_.pdf",2663564,"2.54 MB","2026-02-27T09:27:09.312194+00:00","2026-02-27T09:27:09.312194+00:00"
"teams/389719a7-5022-41da-bc49-11e7a3afbd98/quote-attachments/58f0bed5-a3a7-4c09-b67b-66d02c87877c/1769808550173-_TOSHO.CRM_2025.xlsx",293622,"286.7 KB","2026-01-30T21:29:10.792858+00:00","2026-01-30T21:29:10.792858+00:00"
"teams/389719a7-5022-41da-bc49-11e7a3afbd98/quote-attachments/58f0bed5-a3a7-4c09-b67b-66d02c87877c/1769808551114-catalog_2026-01-23.csv",647,"647 B","2026-01-30T21:29:11.324857+00:00","2026-01-30T21:29:11.324857+00:00"
"teams/389719a7-5022-41da-bc49-11e7a3afbd98/quote-attachments/5dedb30a-f5af-4d9d-aa15-9f8af3bb19bc/1772188673350-_2.png",1497307,"1.43 MB","2026-02-27T10:37:54.31066+00:00","2026-02-27T10:37:54.31066+00:00"
"teams/389719a7-5022-41da-bc49-11e7a3afbd98/quote-attachments/66c5629a-e4db-43de-a6de-a018639cc890/1771923351921-_4_1.jpg",4799319,"4.58 MB","2026-02-24T08:56:33.097998+00:00","2026-02-24T08:56:33.097998+00:00"
"teams/389719a7-5022-41da-bc49-11e7a3afbd98/quote-attachments/6d1dfa48-a51c-4614-95d9-a5c524f9128f/1769534534855-_TOSHO.CRM_2025_-_.pdf",78044,"76.2 KB","2026-01-27T17:22:15.388822+00:00","2026-01-27T17:22:15.388822+00:00"
"teams/389719a7-5022-41da-bc49-11e7a3afbd98/quote-attachments/82856c97-b145-4aee-9b30-4d5a421f8b35/1770244669634-checkmark.svg",558,"558 B","2026-02-04T22:37:49.873523+00:00","2026-02-04T22:37:49.873523+00:00"
"teams/389719a7-5022-41da-bc49-11e7a3afbd98/quote-attachments/89b41949-1a70-420a-ae20-46d3e20c1f49/1773819307749-photo_2026-03-18_09-34-42.jpg",331343,"323.6 KB","2026-03-18T07:35:08.219649+00:00","2026-03-18T07:35:08.219649+00:00"
"teams/389719a7-5022-41da-bc49-11e7a3afbd98/quote-attachments/89b41949-1a70-420a-ae20-46d3e20c1f49/1773819308511-photo_2026-03-18_09-34-40.jpg",318749,"311.3 KB","2026-03-18T07:35:08.765867+00:00","2026-03-18T07:35:08.765867+00:00"
"teams/389719a7-5022-41da-bc49-11e7a3afbd98/quote-attachments/89b41949-1a70-420a-ae20-46d3e20c1f49/1773819309010-photo_2026-03-18_09-34-39.jpg",371033,"362.3 KB","2026-03-18T07:35:09.371307+00:00","2026-03-18T07:35:09.371307+00:00"
"teams/389719a7-5022-41da-bc49-11e7a3afbd98/quote-attachments/89b41949-1a70-420a-ae20-46d3e20c1f49/1773819309524-photo_2026-03-18_09-34-37.jpg",253471,"247.5 KB","2026-03-18T07:35:10.028597+00:00","2026-03-18T07:35:10.028597+00:00"
"teams/389719a7-5022-41da-bc49-11e7a3afbd98/quote-attachments/89b41949-1a70-420a-ae20-46d3e20c1f49/1773819310291-photo_2026-03-18_09-34-36.jpg",283559,"276.9 KB","2026-03-18T07:35:10.589748+00:00","2026-03-18T07:35:10.589748+00:00"
"teams/389719a7-5022-41da-bc49-11e7a3afbd98/quote-attachments/8fa5e067-72a8-435d-9bab-2d3a79404e66/1771939404924-logo_guide.pdf",379880,"371.0 KB","2026-02-24T13:23:25.392786+00:00","2026-02-24T13:23:25.392786+00:00"
"teams/389719a7-5022-41da-bc49-11e7a3afbd98/quote-attachments/93e089a2-7e43-41dc-902f-5574272f0c27/1769816260036-catalog_2026-01-23.csv",647,"647 B","2026-01-30T23:37:40.411293+00:00","2026-01-30T23:37:40.411293+00:00"
"teams/389719a7-5022-41da-bc49-11e7a3afbd98/quote-attachments/a75ba17f-7876-40c7-9924-89fbb1361678/1771263311484-__2019.jpg",7711,"7.5 KB","2026-02-16T17:34:53.503974+00:00","2026-02-16T17:34:53.503974+00:00"
"teams/389719a7-5022-41da-bc49-11e7a3afbd98/quote-attachments/afa6c020-8f35-4b89-ab72-667cf1d5e0ff/1770235742539-Supabase_Snippet_Sports_Club_Match_Management_Schema_6_.csv",520,"520 B","2026-02-04T20:09:02.956044+00:00","2026-02-04T20:09:02.956044+00:00"
"teams/389719a7-5022-41da-bc49-11e7a3afbd98/quote-attachments/b6984af0-da8a-48fe-abf3-600f16680c73/1771410299950-1715_2_3.jpg",24956,"24.4 KB","2026-02-18T10:24:35.415885+00:00","2026-02-18T10:24:35.415885+00:00"
"teams/389719a7-5022-41da-bc49-11e7a3afbd98/quote-attachments/b969261c-90e1-4dca-92d8-ed366d522ef8/1771923370503-_4_1.jpg",4799319,"4.58 MB","2026-02-24T08:56:48.023913+00:00","2026-02-24T08:56:48.023913+00:00"
"teams/389719a7-5022-41da-bc49-11e7a3afbd98/quote-attachments/c08e0c15-69d1-41aa-a6ca-9455a369d3ec/1771939403088-logo_guide.pdf",379880,"371.0 KB","2026-02-24T13:23:23.949449+00:00","2026-02-24T13:23:23.949449+00:00"
"teams/389719a7-5022-41da-bc49-11e7a3afbd98/quote-attachments/c0adfa0d-3265-4b78-ac3c-d98620040e9e/1772188530036-_.png",1538754,"1.47 MB","2026-02-27T10:35:32.175421+00:00","2026-02-27T10:35:32.175421+00:00"
"teams/389719a7-5022-41da-bc49-11e7a3afbd98/quote-attachments/c7768a43-62c1-407e-a714-3fa16733c6b5/1773654750169-_Ukravit_2026_.docx",180978,"176.7 KB","2026-03-16T09:52:30.716188+00:00","2026-03-16T09:52:30.716188+00:00"
"teams/389719a7-5022-41da-bc49-11e7a3afbd98/quote-attachments/ce38911d-97f3-4cce-bffd-4fcaf0c38169/1771923352167-_4_1.jpg",4799319,"4.58 MB","2026-02-24T08:56:33.61031+00:00","2026-02-24T08:56:33.61031+00:00"
"teams/389719a7-5022-41da-bc49-11e7a3afbd98/quote-attachments/cebb0f2d-ec19-461b-a5ca-b88397e4be69/1771923349160-_4_1.jpg",4799319,"4.58 MB","2026-02-24T08:56:18.029134+00:00","2026-02-24T08:56:18.029134+00:00"
"teams/389719a7-5022-41da-bc49-11e7a3afbd98/quote-attachments/ced0df48-0117-4941-971a-4ab6670360cb/1772184425902-_1_.pdf",2663996,"2.54 MB","2026-02-27T09:27:09.668425+00:00","2026-02-27T09:27:09.668425+00:00"
"teams/389719a7-5022-41da-bc49-11e7a3afbd98/quote-attachments/ced0df48-0117-4941-971a-4ab6670360cb/1772184429796-_2_.pdf",2663564,"2.54 MB","2026-02-27T09:27:11.554223+00:00","2026-02-27T09:27:11.554223+00:00"
"teams/389719a7-5022-41da-bc49-11e7a3afbd98/quote-attachments/cf9dfd02-deac-4512-8c24-7bbf3327be47/1772184739854-_1_.pdf",2663996,"2.54 MB","2026-02-27T09:32:25.290405+00:00","2026-02-27T09:32:25.290405+00:00"
"teams/389719a7-5022-41da-bc49-11e7a3afbd98/quote-attachments/cf9dfd02-deac-4512-8c24-7bbf3327be47/1772184751595-_2_.pdf",2663564,"2.54 MB","2026-02-27T09:32:33.764684+00:00","2026-02-27T09:32:33.764684+00:00"
"teams/389719a7-5022-41da-bc49-11e7a3afbd98/quote-attachments/d16da75a-909c-449c-8016-2679e12194f1/1772184877288-_1_.pdf",2663996,"2.54 MB","2026-02-27T09:34:38.562547+00:00","2026-02-27T09:34:38.562547+00:00"
"teams/389719a7-5022-41da-bc49-11e7a3afbd98/quote-attachments/d22d32dd-0eb5-4bdc-bbd5-196665eda90c/1771263717145-11006_2_1.jpg",70583,"68.9 KB","2026-02-16T17:41:39.458952+00:00","2026-02-16T17:41:39.458952+00:00"
"teams/389719a7-5022-41da-bc49-11e7a3afbd98/quote-attachments/d40c7d1e-887a-4242-ace9-2351803e2dea/1771923371359-_4_1.jpg",4799319,"4.58 MB","2026-02-24T08:56:48.703218+00:00","2026-02-24T08:56:48.703218+00:00"
"teams/389719a7-5022-41da-bc49-11e7a3afbd98/quote-attachments/d5644e24-dc15-4d71-96df-addc4e3e55ad/1772615733131-MILKIWEAN_LOGO_RGB_702_541.eps",680378,"664.4 KB","2026-03-04T09:15:33.501221+00:00","2026-03-04T09:15:33.501221+00:00"
"teams/389719a7-5022-41da-bc49-11e7a3afbd98/quote-attachments/dad77ac8-dd42-4f07-bcaf-722d9a49b1b0/1770236192726-Supabase_Snippet_Sports_Club_Match_Management_Schema_6_.csv",520,"520 B","2026-02-04T20:16:33.089093+00:00","2026-02-04T20:16:33.089093+00:00"
"teams/389719a7-5022-41da-bc49-11e7a3afbd98/quote-attachments/e1a8217f-cb78-47b9-9a04-b8350500a201/1772184875007-_1_.pdf",2663996,"2.54 MB","2026-02-27T09:34:36.678476+00:00","2026-02-27T09:34:36.678476+00:00"
"teams/389719a7-5022-41da-bc49-11e7a3afbd98/quote-attachments/ef58db7f-ca83-4a27-9d6f-419eeb7651d8/1769542718410-_TOSHO.CRM_2025_-_.pdf",78044,"76.2 KB","2026-01-27T19:38:38.836817+00:00","2026-01-27T19:38:38.836817+00:00"
"teams/389719a7-5022-41da-bc49-11e7a3afbd98/quote-attachments/f883cb05-5c30-42f0-89fb-3c3169860edf/1771628588455-________31___17_02_2026.pdf",84874,"82.9 KB","2026-02-20T23:03:09.116033+00:00","2026-02-20T23:03:09.116033+00:00"
"teams/389719a7-5022-41da-bc49-11e7a3afbd98/quote-attachments/fdbaa136-032e-42f5-a098-81a8a0469d5a/1772615731319-MILKIWEAN_LOGO_RGB_702_541.eps",680378,"664.4 KB","2026-03-04T09:15:31.926641+00:00","2026-03-04T09:15:31.926641+00:00"
"teams/389719a7-5022-41da-bc49-11e7a3afbd98/quote-attachments/feb33eee-458b-49bf-819c-49e0f92ef817/1769633088232-fnewbjmrqsi986ogat3k.jpg",30448,"29.7 KB","2026-01-28T20:44:48.626186+00:00","2026-01-28T20:44:48.626186+00:00"
"teams/389719a7-5022-41da-bc49-11e7a3afbd98/quote-attachments/feb33eee-458b-49bf-819c-49e0f92ef817/1769634975447-ChatGPT_Image_24_._2026_._21_40_35.png",2209423,"2.11 MB","2026-01-28T21:16:16.776887+00:00","2026-01-28T21:16:16.776887+00:00"
"teams/389719a7-5022-41da-bc49-11e7a3afbd98/quote-items/cb6e17e0-0b8a-42bd-94f1-a20573535c33/1769341818091-Gemini_Generated_Image_tw5v1stw5v1stw5v.png",8430916,"8.04 MB","2026-01-25T11:50:21.88179+00:00","2026-01-25T11:50:21.88179+00:00"
"teams/389719a7-5022-41da-bc49-11e7a3afbd98/quote-items/f11469a3-93b7-45f1-bd1b-8ac67dff7e57/1769340750492-ChatGPT_Image_24_._2026_._21_40_35.png",2209423,"2.11 MB","2026-01-25T11:32:32.153247+00:00","2026-01-25T11:32:32.153247+00:00"
"teams/389719a7-5022-41da-bc49-11e7a3afbd98/quote-items/f11469a3-93b7-45f1-bd1b-8ac67dff7e57/1769346202355-ChatGPT_Image_24_._2026_._21_40_35.png",2209423,"2.11 MB","2026-01-25T13:03:23.477057+00:00","2026-01-25T13:03:23.477057+00:00"
